<?xml version="1.0" encoding="UTF-8"?>
<GenRun Id="synth_1" LaunchPart="xc7a100tcsg324-1" LaunchTime="1702116579">
  <File Type="PA-TCL" Name="sccomp.tcl"/>
  <File Type="RDS-PROPCONSTRS" Name="sccomp_drc_synth.rpt"/>
  <File Type="REPORTS-TCL" Name="sccomp_reports.tcl"/>
  <File Type="RDS-RDS" Name="sccomp.vds"/>
  <File Type="RDS-UTIL" Name="sccomp_utilization_synth.rpt"/>
  <File Type="RDS-UTIL-PB" Name="sccomp_utilization_synth.pb"/>
  <File Type="RDS-DCP" Name="sccomp.dcp"/>
  <File Type="VDS-TIMINGSUMMARY" Name="sccomp_timing_summary_synth.rpt"/>
  <File Type="VDS-TIMING-PB" Name="sccomp_timing_summary_synth.pb"/>
  <FileSet Name="sources" Type="DesignSrcs" RelSrcDir="$PSRCDIR/sources_1" RelGenDir="$PGENDIR/sources_1">
    <Filter Type="Srcs"/>
    <File Path="$PSRCDIR/sources_1/new/test.v">
      <FileInfo>
        <Attr Name="UsedIn" Val="synthesis"/>
        <Attr Name="UsedIn" Val="implementation"/>
        <Attr Name="UsedIn" Val="simulation"/>
      </FileInfo>
    </File>
    <File Path="$PPRDIR/Test_8_Instr1.coe">
      <FileInfo>
        <Attr Name="ImportPath" Val="$PPRDIR/Test_8_Instr1.coe"/>
        <Attr Name="ImportTime" Val="1701620388"/>
        <Attr Name="UsedIn" Val="synthesis"/>
        <Attr Name="UsedIn" Val="simulation"/>
      </FileInfo>
    </File>
    <File Path="$PPRDIR/../../Test_8_Instr1.coe">
      <FileInfo>
        <Attr Name="UsedIn" Val="synthesis"/>
        <Attr Name="UsedIn" Val="simulation"/>
      </FileInfo>
    </File>
    <Config>
      <Option Name="DesignMode" Val="RTL"/>
      <Option Name="TopModule" Val="sccomp"/>
      <Option Name="TopAutoSet" Val="TRUE"/>
    </Config>
  </FileSet>
  <FileSet Name="constrs_in" Type="Constrs" RelSrcDir="$PSRCDIR/constrs_1" RelGenDir="$PGENDIR/constrs_1">
    <Filter Type="Constrs"/>
    <File Path="$PPRDIR/../../icf.xdc">
      <FileInfo>
        <Attr Name="UsedIn" Val="synthesis"/>
        <Attr Name="UsedIn" Val="implementation"/>
      </FileInfo>
    </File>
    <Config>
      <Option Name="ConstrsType" Val="XDC"/>
    </Config>
  </FileSet>
  <FileSet Name="utils" Type="Utils" RelSrcDir="$PSRCDIR/utils_1" RelGenDir="$PGENDIR/utils_1">
    <Filter Type="Utils"/>
    <Config>
      <Option Name="TopAutoSet" Val="TRUE"/>
    </Config>
  </FileSet>
  <Strategy Version="1" Minor="2">
    <StratHandle Name="Vivado Synthesis Defaults" Flow="Vivado Synthesis 2018"/>
    <Step Id="synth_design"/>
  </Strategy>
  <BlockFileSet Type="BlockSrcs" Name="dist_mem_gen_0"/>
</GenRun>
