<?xml version="1.0" encoding="UTF-8"?>
<GenRun Id="impl_1" LaunchPart="xc7a100tcsg324-1" LaunchTime="1702116629">
  <File Type="ROUTE-PWR" Name="sccomp_power_routed.rpt"/>
  <File Type="PA-TCL" Name="sccomp.tcl"/>
  <File Type="ROUTE-PWR-SUM" Name="sccomp_power_summary_routed.pb"/>
  <File Type="REPORTS-TCL" Name="sccomp_reports.tcl"/>
  <File Type="OPT-RQA-PB" Name="sccomp_rqa_opted.pb"/>
  <File Type="BITSTR-MMI" Name="sccomp.mmi"/>
  <File Type="OPT-METHODOLOGY-DRC" Name="sccomp_methodology_drc_opted.rpt"/>
  <File Type="INIT-TIMING" Name="sccomp_timing_summary_init.rpt"/>
  <File Type="OPT-TIMING" Name="sccomp_timing_summary_opted.rpt"/>
  <File Type="OPT-DCP" Name="sccomp_opt.dcp"/>
  <File Type="OPT-DRC" Name="sccomp_drc_opted.rpt"/>
  <File Type="OPT-HWDEF" Name="sccomp.hwdef"/>
  <File Type="PWROPT-DCP" Name="sccomp_pwropt.dcp"/>
  <File Type="PWROPT-DRC" Name="sccomp_drc_pwropted.rpt"/>
  <File Type="PWROPT-TIMING" Name="sccomp_timing_summary_pwropted.rpt"/>
  <File Type="PLACE-DCP" Name="sccomp_placed.dcp"/>
  <File Type="PLACE-IO" Name="sccomp_io_placed.rpt"/>
  <File Type="PLACE-CLK" Name="sccomp_clock_utilization_placed.rpt"/>
  <File Type="PLACE-UTIL" Name="sccomp_utilization_placed.rpt"/>
  <File Type="PLACE-UTIL-PB" Name="sccomp_utilization_placed.pb"/>
  <File Type="PLACE-CTRL" Name="sccomp_control_sets_placed.rpt"/>
  <File Type="PLACE-SIMILARITY" Name="sccomp_incremental_reuse_placed.rpt"/>
  <File Type="PLACE-PRE-SIMILARITY" Name="sccomp_incremental_reuse_pre_placed.rpt"/>
  <File Type="BG-BIN" Name="sccomp.bin"/>
  <File Type="PLACE-TIMING" Name="sccomp_timing_summary_placed.rpt"/>
  <File Type="ROUTE-PWR-RPX" Name="sccomp_power_routed.rpx"/>
  <File Type="PLACE-RQA-PB" Name="sccomp_rqa_placed.pb"/>
  <File Type="POSTPLACE-PWROPT-DCP" Name="sccomp_postplace_pwropt.dcp"/>
  <File Type="BITSTR-MSK" Name="sccomp.msk"/>
  <File Type="POSTPLACE-PWROPT-TIMING" Name="sccomp_timing_summary_postplace_pwropted.rpt"/>
  <File Type="PHYSOPT-DCP" Name="sccomp_physopt.dcp"/>
  <File Type="PHYSOPT-DRC" Name="sccomp_drc_physopted.rpt"/>
  <File Type="BITSTR-RBT" Name="sccomp.rbt"/>
  <File Type="PHYSOPT-TIMING" Name="sccomp_timing_summary_physopted.rpt"/>
  <File Type="ROUTE-ERROR-DCP" Name="sccomp_routed_error.dcp"/>
  <File Type="ROUTE-DCP" Name="sccomp_routed.dcp"/>
  <File Type="ROUTE-BLACKBOX-DCP" Name="sccomp_routed_bb.dcp"/>
  <File Type="ROUTE-DRC" Name="sccomp_drc_routed.rpt"/>
  <File Type="ROUTE-DRC-PB" Name="sccomp_drc_routed.pb"/>
  <File Type="ROUTE-DRC-RPX" Name="sccomp_drc_routed.rpx"/>
  <File Type="ROUTE-METHODOLOGY-DRC" Name="sccomp_methodology_drc_routed.rpt"/>
  <File Type="ROUTE-METHODOLOGY-DRC-RPX" Name="sccomp_methodology_drc_routed.rpx"/>
  <File Type="ROUTE-METHODOLOGY-DRC-PB" Name="sccomp_methodology_drc_routed.pb"/>
  <File Type="ROUTE-RQS-PB" Name="sccomp_rqs_routed.pb"/>
  <File Type="ROUTE-STATUS" Name="sccomp_route_status.rpt"/>
  <File Type="ROUTE-STATUS-PB" Name="sccomp_route_status.pb"/>
  <File Type="ROUTE-TIMINGSUMMARY" Name="sccomp_timing_summary_routed.rpt"/>
  <File Type="ROUTE-TIMING-PB" Name="sccomp_timing_summary_routed.pb"/>
  <File Type="ROUTE-TIMING-RPX" Name="sccomp_timing_summary_routed.rpx"/>
  <File Type="ROUTE-SIMILARITY" Name="sccomp_incremental_reuse_routed.rpt"/>
  <File Type="ROUTE-CLK" Name="sccomp_clock_utilization_routed.rpt"/>
  <File Type="ROUTE-BUS-SKEW" Name="sccomp_bus_skew_routed.rpt"/>
  <File Type="ROUTE-BUS-SKEW-PB" Name="sccomp_bus_skew_routed.pb"/>
  <File Type="ROUTE-BUS-SKEW-RPX" Name="sccomp_bus_skew_routed.rpx"/>
  <File Type="POSTROUTE-PHYSOPT-DCP" Name="sccomp_postroute_physopt.dcp"/>
  <File Type="POSTROUTE-PHYSOPT-BLACKBOX-DCP" Name="sccomp_postroute_physopt_bb.dcp"/>
  <File Type="POSTROUTE-PHYSOPT-TIMING" Name="sccomp_timing_summary_postroute_physopted.rpt"/>
  <File Type="POSTROUTE-PHYSOPT-TIMING-PB" Name="sccomp_timing_summary_postroute_physopted.pb"/>
  <File Type="POSTROUTE-PHYSOPT-TIMING-RPX" Name="sccomp_timing_summary_postroute_physopted.rpx"/>
  <File Type="POSTROUTE-PHYSOPT-BUS-SKEW" Name="sccomp_bus_skew_postroute_physopted.rpt"/>
  <File Type="BG-BIT" Name="sccomp.bit"/>
  <File Type="POSTROUTE-PHYSOPT-BUS-SKEW-PB" Name="sccomp_bus_skew_postroute_physopted.pb"/>
  <File Type="POSTROUTE-PHYSOPT-BUS-SKEW-RPX" Name="sccomp_bus_skew_postroute_physopted.rpx"/>
  <File Type="BITSTR-NKY" Name="sccomp.nky"/>
  <File Type="BITSTR-BMM" Name="sccomp_bd.bmm"/>
  <File Type="PDI-FILE" Name="sccomp.pdi"/>
  <File Type="BOOT-PDI-FILE" Name="sccomp_soc.pdi"/>
  <File Type="PL-PDI-FILE" Name="sccomp_pld.pdi"/>
  <File Type="RCFI_FILE" Name="sccomp.rcfi"/>
  <File Type="CFI_FILE" Name="sccomp.cfi"/>
  <File Type="RNPI_FILE" Name="sccomp.rnpi"/>
  <File Type="NPI_FILE" Name="sccomp.npi"/>
  <File Type="RBD_FILE" Name="sccomp.rbd"/>
  <File Type="BITSTR-LTX" Name="debug_nets.ltx"/>
  <File Type="BITSTR-LTX" Name="sccomp.ltx"/>
  <File Type="BITSTR-SYSDEF" Name="sccomp.sysdef"/>
  <File Type="BG-BGN" Name="sccomp.bgn"/>
  <File Type="BG-DRC" Name="sccomp.drc"/>
  <File Type="RDI-RDI" Name="sccomp.vdi"/>
  <File Type="WBT-USG" Name="usage_statistics_webtalk.html"/>
  <File Type="ROUTE-RQS" Name="sccomp_routed.rqs"/>
  <File Type="POSTROUTE-PHYSOPT-RQS" Name="sccomp_postroute_physopted.rqs"/>
  <File Type="ROUTE-RQS-RPT" Name="route_report_qor_suggestions_0.rpt"/>
  <File Type="POSTROUTE-PHYSOPT-RQS-RPT" Name="postroute_physopt_report_qor_suggestions_0.rpt"/>
  <FileSet Name="sources" Type="DesignSrcs" RelSrcDir="$PSRCDIR/sources_1" RelGenDir="$PGENDIR/sources_1">
    <Filter Type="Srcs"/>
    <File Path="$PSRCDIR/sources_1/new/test.v">
      <FileInfo>
        <Attr Name="UsedIn" Val="synthesis"/>
        <Attr Name="UsedIn" Val="implementation"/>
        <Attr Name="UsedIn" Val="simulation"/>
      </FileInfo>
    </File>
    <File Path="$PPRDIR/Test_8_Instr1.coe">
      <FileInfo>
        <Attr Name="ImportPath" Val="$PPRDIR/Test_8_Instr1.coe"/>
        <Attr Name="ImportTime" Val="1701620388"/>
        <Attr Name="UsedIn" Val="synthesis"/>
        <Attr Name="UsedIn" Val="simulation"/>
      </FileInfo>
    </File>
    <File Path="$PPRDIR/../../Test_8_Instr1.coe">
      <FileInfo>
        <Attr Name="UsedIn" Val="synthesis"/>
        <Attr Name="UsedIn" Val="simulation"/>
      </FileInfo>
    </File>
    <Config>
      <Option Name="DesignMode" Val="RTL"/>
      <Option Name="TopModule" Val="sccomp"/>
      <Option Name="TopAutoSet" Val="TRUE"/>
    </Config>
  </FileSet>
  <FileSet Name="constrs_in" Type="Constrs" RelSrcDir="$PSRCDIR/constrs_1" RelGenDir="$PGENDIR/constrs_1">
    <Filter Type="Constrs"/>
    <File Path="$PPRDIR/../../icf.xdc">
      <FileInfo>
        <Attr Name="UsedIn" Val="synthesis"/>
        <Attr Name="UsedIn" Val="implementation"/>
      </FileInfo>
    </File>
    <Config>
      <Option Name="ConstrsType" Val="XDC"/>
    </Config>
  </FileSet>
  <FileSet Name="utils" Type="Utils" RelSrcDir="$PSRCDIR/utils_1" RelGenDir="$PGENDIR/utils_1">
    <Filter Type="Utils"/>
    <Config>
      <Option Name="TopAutoSet" Val="TRUE"/>
    </Config>
  </FileSet>
  <Strategy Version="1" Minor="2">
    <StratHandle Name="Vivado Implementation Defaults" Flow="Vivado Implementation 2018"/>
    <Step Id="init_design"/>
    <Step Id="opt_design"/>
    <Step Id="power_opt_design"/>
    <Step Id="place_design"/>
    <Step Id="post_place_power_opt_design"/>
    <Step Id="phys_opt_design"/>
    <Step Id="route_design"/>
    <Step Id="post_route_phys_opt_design"/>
    <Step Id="write_bitstream"/>
  </Strategy>
  <BlockFileSet Type="BlockSrcs" Name="dist_mem_gen_0"/>
</GenRun>
